2023-07-03_22-50-01,0
2023-07-03_22-50-03,0
2023-07-03_22-50-05,0
2023-07-03_22-50-07,0
2023-07-03_22-50-10,0
2023-07-03_22-50-12,0
2023-07-03_22-50-14,0
2023-07-03_22-50-16,0
2023-07-03_22-50-19,0
2023-07-03_22-50-21,0
2023-07-03_22-50-23,0
2023-07-03_22-50-25,0
2023-07-03_22-50-28,0
2023-07-03_22-50-30,0
2023-07-03_22-50-32,0
2023-07-03_22-50-34,0
2023-07-03_22-50-37,0
2023-07-03_22-50-39,0
2023-07-03_22-50-41,0
2023-07-03_22-50-44,0
2023-07-03_22-50-46,0
2023-07-03_22-50-48,0
2023-07-03_22-50-50,0
2023-07-03_22-50-53,0
2023-07-03_22-50-55,0
2023-07-03_22-50-57,0
2023-07-03_22-50-59,0
